N,r,mean_hgt,sd_hgt,mean_wgt,sd_wgt
507,0.7173011,171.1438,9.407205,69.14753,13.34576
